BioProject,Link
PRJDB17078,https://www.ncbi.nlm.nih.gov/bioproject/?term=PRJDB17078
PRJEB57729,https://www.ncbi.nlm.nih.gov/bioproject/?term=PRJEB57729
PRJEB8106,https://www.ncbi.nlm.nih.gov/bioproject/?term=PRJEB8106
PRJEB10919,https://www.ncbi.nlm.nih.gov/bioproject/?term=PRJEB10919
PRJEB72302,https://www.ncbi.nlm.nih.gov/bioproject/?term=PRJEB72302
PRJEB9763,https://www.ncbi.nlm.nih.gov/bioproject/?term=PRJEB9763
PRJEB13114,https://www.ncbi.nlm.nih.gov/bioproject/?term=PRJEB13114
PRJEB16133,https://www.ncbi.nlm.nih.gov/bioproject/?term=PRJEB16133
PRJEB18483,https://www.ncbi.nlm.nih.gov/bioproject/?term=PRJEB18483
PRJEB1291,https://www.ncbi.nlm.nih.gov/bioproject/?term=PRJEB1291
PRJEB19976,https://www.ncbi.nlm.nih.gov/bioproject/?term=PRJEB19976
PRJEB65014,https://www.ncbi.nlm.nih.gov/bioproject/?term=PRJEB65014
PRJEB23469,https://www.ncbi.nlm.nih.gov/bioproject/?term=PRJEB23469
PRJEB1807,https://www.ncbi.nlm.nih.gov/bioproject/?term=PRJEB1807
PRJEB1952,https://www.ncbi.nlm.nih.gov/bioproject/?term=PRJEB1952
PRJEB29591,https://www.ncbi.nlm.nih.gov/bioproject/?term=PRJEB29591
PRJEB29197,https://www.ncbi.nlm.nih.gov/bioproject/?term=PRJEB29197
PRJEB32709,https://www.ncbi.nlm.nih.gov/bioproject/?term=PRJEB32709
PRJEB32965,https://www.ncbi.nlm.nih.gov/bioproject/?term=PRJEB32965
PRJEB33274,https://www.ncbi.nlm.nih.gov/bioproject/?term=PRJEB33274
PRJEB35872,https://www.ncbi.nlm.nih.gov/bioproject/?term=PRJEB35872
PRJEB37021,https://www.ncbi.nlm.nih.gov/bioproject/?term=PRJEB37021
PRJEB5865,https://www.ncbi.nlm.nih.gov/bioproject/?term=PRJEB5865
PRJEB39394,https://www.ncbi.nlm.nih.gov/bioproject/?term=PRJEB39394
PRJEB6552,https://www.ncbi.nlm.nih.gov/bioproject/?term=PRJEB6552
PRJEB46152,https://www.ncbi.nlm.nih.gov/bioproject/?term=PRJEB46152
PRJEB8275,https://www.ncbi.nlm.nih.gov/bioproject/?term=PRJEB8275
PRJEB52888,https://www.ncbi.nlm.nih.gov/bioproject/?term=PRJEB52888
PRJEB52835,https://www.ncbi.nlm.nih.gov/bioproject/?term=PRJEB52835
PRJEB56764,https://www.ncbi.nlm.nih.gov/bioproject/?term=PRJEB56764
PRJEB56499,https://www.ncbi.nlm.nih.gov/bioproject/?term=PRJEB56499
PRJNA699439,https://www.ncbi.nlm.nih.gov/bioproject/?term=PRJNA699439
PRJNA702057,https://www.ncbi.nlm.nih.gov/bioproject/?term=PRJNA702057
PRJNA702058,https://www.ncbi.nlm.nih.gov/bioproject/?term=PRJNA702058
PRJNA282056,https://www.ncbi.nlm.nih.gov/bioproject/?term=PRJNA282056
PRJNA707489,https://www.ncbi.nlm.nih.gov/bioproject/?term=PRJNA707489
PRJNA713345,https://www.ncbi.nlm.nih.gov/bioproject/?term=PRJNA713345
PRJNA717900,https://www.ncbi.nlm.nih.gov/bioproject/?term=PRJNA717900
PRJNA719428,https://www.ncbi.nlm.nih.gov/bioproject/?term=PRJNA719428
PRJNA720895,https://www.ncbi.nlm.nih.gov/bioproject/?term=PRJNA720895
PRJNA721867,https://www.ncbi.nlm.nih.gov/bioproject/?term=PRJNA721867
PRJNA724723,https://www.ncbi.nlm.nih.gov/bioproject/?term=PRJNA724723
PRJNA288174,https://www.ncbi.nlm.nih.gov/bioproject/?term=PRJNA288174
PRJNA727445,https://www.ncbi.nlm.nih.gov/bioproject/?term=PRJNA727445
PRJNA727912,https://www.ncbi.nlm.nih.gov/bioproject/?term=PRJNA727912
PRJNA730440,https://www.ncbi.nlm.nih.gov/bioproject/?term=PRJNA730440
PRJNA289444,https://www.ncbi.nlm.nih.gov/bioproject/?term=PRJNA289444
PRJNA290208,https://www.ncbi.nlm.nih.gov/bioproject/?term=PRJNA290208
PRJNA738381,https://www.ncbi.nlm.nih.gov/bioproject/?term=PRJNA738381
PRJNA744189,https://www.ncbi.nlm.nih.gov/bioproject/?term=PRJNA744189
PRJNA745986,https://www.ncbi.nlm.nih.gov/bioproject/?term=PRJNA745986
PRJNA746693,https://www.ncbi.nlm.nih.gov/bioproject/?term=PRJNA746693
PRJNA746798,https://www.ncbi.nlm.nih.gov/bioproject/?term=PRJNA746798
PRJNA748428,https://www.ncbi.nlm.nih.gov/bioproject/?term=PRJNA748428
PRJNA749036,https://www.ncbi.nlm.nih.gov/bioproject/?term=PRJNA749036
PRJNA756979,https://www.ncbi.nlm.nih.gov/bioproject/?term=PRJNA756979
PRJNA753963,https://www.ncbi.nlm.nih.gov/bioproject/?term=PRJNA753963
PRJNA760923,https://www.ncbi.nlm.nih.gov/bioproject/?term=PRJNA760923
PRJNA764776,https://www.ncbi.nlm.nih.gov/bioproject/?term=PRJNA764776
PRJNA771267,https://www.ncbi.nlm.nih.gov/bioproject/?term=PRJNA771267
PRJNA774648,https://www.ncbi.nlm.nih.gov/bioproject/?term=PRJNA774648
PRJNA295819,https://www.ncbi.nlm.nih.gov/bioproject/?term=PRJNA295819
PRJNA782302,https://www.ncbi.nlm.nih.gov/bioproject/?term=PRJNA782302
PRJNA784324,https://www.ncbi.nlm.nih.gov/bioproject/?term=PRJNA784324
PRJNA787115,https://www.ncbi.nlm.nih.gov/bioproject/?term=PRJNA787115
PRJNA788789,https://www.ncbi.nlm.nih.gov/bioproject/?term=PRJNA788789
PRJNA796541,https://www.ncbi.nlm.nih.gov/bioproject/?term=PRJNA796541
PRJNA798514,https://www.ncbi.nlm.nih.gov/bioproject/?term=PRJNA798514
PRJNA800022,https://www.ncbi.nlm.nih.gov/bioproject/?term=PRJNA800022
PRJNA799829,https://www.ncbi.nlm.nih.gov/bioproject/?term=PRJNA799829
PRJNA802800,https://www.ncbi.nlm.nih.gov/bioproject/?term=PRJNA802800
PRJNA807360,https://www.ncbi.nlm.nih.gov/bioproject/?term=PRJNA807360
PRJNA807531,https://www.ncbi.nlm.nih.gov/bioproject/?term=PRJNA807531
PRJNA811806,https://www.ncbi.nlm.nih.gov/bioproject/?term=PRJNA811806
PRJNA817811,https://www.ncbi.nlm.nih.gov/bioproject/?term=PRJNA817811
PRJNA817807,https://www.ncbi.nlm.nih.gov/bioproject/?term=PRJNA817807
PRJNA817809,https://www.ncbi.nlm.nih.gov/bioproject/?term=PRJNA817809
PRJNA817808,https://www.ncbi.nlm.nih.gov/bioproject/?term=PRJNA817808
PRJNA819076,https://www.ncbi.nlm.nih.gov/bioproject/?term=PRJNA819076
PRJNA820190,https://www.ncbi.nlm.nih.gov/bioproject/?term=PRJNA820190
PRJNA832425,https://www.ncbi.nlm.nih.gov/bioproject/?term=PRJNA832425
PRJNA832959,https://www.ncbi.nlm.nih.gov/bioproject/?term=PRJNA832959
PRJNA307990,https://www.ncbi.nlm.nih.gov/bioproject/?term=PRJNA307990
PRJNA838209,https://www.ncbi.nlm.nih.gov/bioproject/?term=PRJNA838209
PRJNA841830,https://www.ncbi.nlm.nih.gov/bioproject/?term=PRJNA841830
PRJNA853078,https://www.ncbi.nlm.nih.gov/bioproject/?term=PRJNA853078
PRJNA862927,https://www.ncbi.nlm.nih.gov/bioproject/?term=PRJNA862927
PRJNA869087,https://www.ncbi.nlm.nih.gov/bioproject/?term=PRJNA869087
PRJNA872173,https://www.ncbi.nlm.nih.gov/bioproject/?term=PRJNA872173
PRJNA883243,https://www.ncbi.nlm.nih.gov/bioproject/?term=PRJNA883243
PRJNA884678,https://www.ncbi.nlm.nih.gov/bioproject/?term=PRJNA884678
PRJNA886959,https://www.ncbi.nlm.nih.gov/bioproject/?term=PRJNA886959
PRJNA892734,https://www.ncbi.nlm.nih.gov/bioproject/?term=PRJNA892734
PRJNA894121,https://www.ncbi.nlm.nih.gov/bioproject/?term=PRJNA894121
PRJNA903197,https://www.ncbi.nlm.nih.gov/bioproject/?term=PRJNA903197
PRJNA908897,https://www.ncbi.nlm.nih.gov/bioproject/?term=PRJNA908897
PRJNA911220,https://www.ncbi.nlm.nih.gov/bioproject/?term=PRJNA911220
PRJNA918672,https://www.ncbi.nlm.nih.gov/bioproject/?term=PRJNA918672
PRJNA927269,https://www.ncbi.nlm.nih.gov/bioproject/?term=PRJNA927269
PRJNA929448,https://www.ncbi.nlm.nih.gov/bioproject/?term=PRJNA929448
PRJNA929478,https://www.ncbi.nlm.nih.gov/bioproject/?term=PRJNA929478
PRJNA930437,https://www.ncbi.nlm.nih.gov/bioproject/?term=PRJNA930437
PRJNA940393,https://www.ncbi.nlm.nih.gov/bioproject/?term=PRJNA940393
PRJNA952527,https://www.ncbi.nlm.nih.gov/bioproject/?term=PRJNA952527
PRJNA954442,https://www.ncbi.nlm.nih.gov/bioproject/?term=PRJNA954442
PRJNA955279,https://www.ncbi.nlm.nih.gov/bioproject/?term=PRJNA955279
PRJNA952396,https://www.ncbi.nlm.nih.gov/bioproject/?term=PRJNA952396
PRJNA967400,https://www.ncbi.nlm.nih.gov/bioproject/?term=PRJNA967400
PRJNA973593,https://www.ncbi.nlm.nih.gov/bioproject/?term=PRJNA973593
PRJNA977444,https://www.ncbi.nlm.nih.gov/bioproject/?term=PRJNA977444
PRJNA979902,https://www.ncbi.nlm.nih.gov/bioproject/?term=PRJNA979902
PRJNA979903,https://www.ncbi.nlm.nih.gov/bioproject/?term=PRJNA979903
PRJNA979904,https://www.ncbi.nlm.nih.gov/bioproject/?term=PRJNA979904
PRJNA979905,https://www.ncbi.nlm.nih.gov/bioproject/?term=PRJNA979905
PRJNA985662,https://www.ncbi.nlm.nih.gov/bioproject/?term=PRJNA985662
PRJNA996620,https://www.ncbi.nlm.nih.gov/bioproject/?term=PRJNA996620
PRJNA997818,https://www.ncbi.nlm.nih.gov/bioproject/?term=PRJNA997818
PRJNA182521,https://www.ncbi.nlm.nih.gov/bioproject/?term=PRJNA182521
PRJNA1005084,https://www.ncbi.nlm.nih.gov/bioproject/?term=PRJNA1005084
PRJNA1006354,https://www.ncbi.nlm.nih.gov/bioproject/?term=PRJNA1006354
PRJNA1010683,https://www.ncbi.nlm.nih.gov/bioproject/?term=PRJNA1010683
PRJNA1019620,https://www.ncbi.nlm.nih.gov/bioproject/?term=PRJNA1019620
PRJNA1021783,https://www.ncbi.nlm.nih.gov/bioproject/?term=PRJNA1021783
PRJNA1021956,https://www.ncbi.nlm.nih.gov/bioproject/?term=PRJNA1021956
PRJNA1026166,https://www.ncbi.nlm.nih.gov/bioproject/?term=PRJNA1026166
PRJNA1043694,https://www.ncbi.nlm.nih.gov/bioproject/?term=PRJNA1043694
PRJNA350293,https://www.ncbi.nlm.nih.gov/bioproject/?term=PRJNA350293
PRJNA1044856,https://www.ncbi.nlm.nih.gov/bioproject/?term=PRJNA1044856
PRJNA1072690,https://www.ncbi.nlm.nih.gov/bioproject/?term=PRJNA1072690
PRJNA646985,https://www.ncbi.nlm.nih.gov/bioproject/?term=PRJNA646985
PRJNA354066,https://www.ncbi.nlm.nih.gov/bioproject/?term=PRJNA354066
PRJNA1099405,https://www.ncbi.nlm.nih.gov/bioproject/?term=PRJNA1099405
PRJNA1108059,https://www.ncbi.nlm.nih.gov/bioproject/?term=PRJNA1108059
PRJNA1108204,https://www.ncbi.nlm.nih.gov/bioproject/?term=PRJNA1108204
PRJNA1108894,https://www.ncbi.nlm.nih.gov/bioproject/?term=PRJNA1108894
PRJNA1108957,https://www.ncbi.nlm.nih.gov/bioproject/?term=PRJNA1108957
PRJNA1109426,https://www.ncbi.nlm.nih.gov/bioproject/?term=PRJNA1109426
PRJNA259657,https://www.ncbi.nlm.nih.gov/bioproject/?term=PRJNA259657
PRJNA393396,https://www.ncbi.nlm.nih.gov/bioproject/?term=PRJNA393396
PRJNA393426,https://www.ncbi.nlm.nih.gov/bioproject/?term=PRJNA393426
PRJNA396028,https://www.ncbi.nlm.nih.gov/bioproject/?term=PRJNA396028
PRJNA413190,https://www.ncbi.nlm.nih.gov/bioproject/?term=PRJNA413190
PRJNA414397,https://www.ncbi.nlm.nih.gov/bioproject/?term=PRJNA414397
PRJNA420343,https://www.ncbi.nlm.nih.gov/bioproject/?term=PRJNA420343
PRJNA217834,https://www.ncbi.nlm.nih.gov/bioproject/?term=PRJNA217834
PRJNA427080,https://www.ncbi.nlm.nih.gov/bioproject/?term=PRJNA427080
PRJNA226557,https://www.ncbi.nlm.nih.gov/bioproject/?term=PRJNA226557
PRJNA229369,https://www.ncbi.nlm.nih.gov/bioproject/?term=PRJNA229369
PRJNA453381,https://www.ncbi.nlm.nih.gov/bioproject/?term=PRJNA453381
PRJNA454371,https://www.ncbi.nlm.nih.gov/bioproject/?term=PRJNA454371
PRJNA473165,https://www.ncbi.nlm.nih.gov/bioproject/?term=PRJNA473165
PRJNA476612,https://www.ncbi.nlm.nih.gov/bioproject/?term=PRJNA476612
PRJNA478476,https://www.ncbi.nlm.nih.gov/bioproject/?term=PRJNA478476
PRJNA236023,https://www.ncbi.nlm.nih.gov/bioproject/?term=PRJNA236023
PRJNA485761,https://www.ncbi.nlm.nih.gov/bioproject/?term=PRJNA485761
PRJNA488281,https://www.ncbi.nlm.nih.gov/bioproject/?term=PRJNA488281
PRJNA489657,https://www.ncbi.nlm.nih.gov/bioproject/?term=PRJNA489657
PRJNA490371,https://www.ncbi.nlm.nih.gov/bioproject/?term=PRJNA490371
PRJNA494306,https://www.ncbi.nlm.nih.gov/bioproject/?term=PRJNA494306
PRJNA503678,https://www.ncbi.nlm.nih.gov/bioproject/?term=PRJNA503678
PRJNA503684,https://www.ncbi.nlm.nih.gov/bioproject/?term=PRJNA503684
PRJNA503686,https://www.ncbi.nlm.nih.gov/bioproject/?term=PRJNA503686
PRJNA503687,https://www.ncbi.nlm.nih.gov/bioproject/?term=PRJNA503687
PRJNA503695,https://www.ncbi.nlm.nih.gov/bioproject/?term=PRJNA503695
PRJNA503692,https://www.ncbi.nlm.nih.gov/bioproject/?term=PRJNA503692
PRJNA503690,https://www.ncbi.nlm.nih.gov/bioproject/?term=PRJNA503690
PRJNA503694,https://www.ncbi.nlm.nih.gov/bioproject/?term=PRJNA503694
PRJNA503693,https://www.ncbi.nlm.nih.gov/bioproject/?term=PRJNA503693
PRJNA503696,https://www.ncbi.nlm.nih.gov/bioproject/?term=PRJNA503696
PRJNA503697,https://www.ncbi.nlm.nih.gov/bioproject/?term=PRJNA503697
PRJNA503699,https://www.ncbi.nlm.nih.gov/bioproject/?term=PRJNA503699
PRJNA503700,https://www.ncbi.nlm.nih.gov/bioproject/?term=PRJNA503700
PRJNA504610,https://www.ncbi.nlm.nih.gov/bioproject/?term=PRJNA504610
PRJNA504616,https://www.ncbi.nlm.nih.gov/bioproject/?term=PRJNA504616
PRJNA509278,https://www.ncbi.nlm.nih.gov/bioproject/?term=PRJNA509278
PRJNA523038,https://www.ncbi.nlm.nih.gov/bioproject/?term=PRJNA523038
PRJNA248293,https://www.ncbi.nlm.nih.gov/bioproject/?term=PRJNA248293
PRJNA525757,https://www.ncbi.nlm.nih.gov/bioproject/?term=PRJNA525757
PRJNA526038,https://www.ncbi.nlm.nih.gov/bioproject/?term=PRJNA526038
PRJNA526039,https://www.ncbi.nlm.nih.gov/bioproject/?term=PRJNA526039
PRJNA526720,https://www.ncbi.nlm.nih.gov/bioproject/?term=PRJNA526720
PRJNA529781,https://www.ncbi.nlm.nih.gov/bioproject/?term=PRJNA529781
PRJNA532918,https://www.ncbi.nlm.nih.gov/bioproject/?term=PRJNA532918
PRJNA532917,https://www.ncbi.nlm.nih.gov/bioproject/?term=PRJNA532917
PRJNA542376,https://www.ncbi.nlm.nih.gov/bioproject/?term=PRJNA542376
PRJNA547709,https://www.ncbi.nlm.nih.gov/bioproject/?term=PRJNA547709
PRJNA560278,https://www.ncbi.nlm.nih.gov/bioproject/?term=PRJNA560278
PRJNA560771,https://www.ncbi.nlm.nih.gov/bioproject/?term=PRJNA560771
PRJNA562277,https://www.ncbi.nlm.nih.gov/bioproject/?term=PRJNA562277
PRJNA564181,https://www.ncbi.nlm.nih.gov/bioproject/?term=PRJNA564181
PRJNA565699,https://www.ncbi.nlm.nih.gov/bioproject/?term=PRJNA565699
PRJNA565768,https://www.ncbi.nlm.nih.gov/bioproject/?term=PRJNA565768
PRJNA573681,https://www.ncbi.nlm.nih.gov/bioproject/?term=PRJNA573681
PRJNA574614,https://www.ncbi.nlm.nih.gov/bioproject/?term=PRJNA574614
PRJNA579441,https://www.ncbi.nlm.nih.gov/bioproject/?term=PRJNA579441
PRJNA588288,https://www.ncbi.nlm.nih.gov/bioproject/?term=PRJNA588288
PRJNA588440,https://www.ncbi.nlm.nih.gov/bioproject/?term=PRJNA588440
PRJNA593747,https://www.ncbi.nlm.nih.gov/bioproject/?term=PRJNA593747
PRJNA421323,https://www.ncbi.nlm.nih.gov/bioproject/?term=PRJNA421323
PRJNA595058,https://www.ncbi.nlm.nih.gov/bioproject/?term=PRJNA595058
PRJNA600079,https://www.ncbi.nlm.nih.gov/bioproject/?term=PRJNA600079
PRJNA602477,https://www.ncbi.nlm.nih.gov/bioproject/?term=PRJNA602477
PRJNA609155,https://www.ncbi.nlm.nih.gov/bioproject/?term=PRJNA609155
PRJNA269492,https://www.ncbi.nlm.nih.gov/bioproject/?term=PRJNA269492
PRJNA615137,https://www.ncbi.nlm.nih.gov/bioproject/?term=PRJNA615137
PRJNA630965,https://www.ncbi.nlm.nih.gov/bioproject/?term=PRJNA630965
PRJNA638023,https://www.ncbi.nlm.nih.gov/bioproject/?term=PRJNA638023
PRJNA640933,https://www.ncbi.nlm.nih.gov/bioproject/?term=PRJNA640933
PRJNA645286,https://www.ncbi.nlm.nih.gov/bioproject/?term=PRJNA645286
PRJNA662430,https://www.ncbi.nlm.nih.gov/bioproject/?term=PRJNA662430
PRJNA665269,https://www.ncbi.nlm.nih.gov/bioproject/?term=PRJNA665269
PRJNA667239,https://www.ncbi.nlm.nih.gov/bioproject/?term=PRJNA667239
PRJNA278166,https://www.ncbi.nlm.nih.gov/bioproject/?term=PRJNA278166
PRJNA278760,https://www.ncbi.nlm.nih.gov/bioproject/?term=PRJNA278760
PRJNA680950,https://www.ncbi.nlm.nih.gov/bioproject/?term=PRJNA680950
PRJNA280612,https://www.ncbi.nlm.nih.gov/bioproject/?term=PRJNA280612
PRJNA694847,https://www.ncbi.nlm.nih.gov/bioproject/?term=PRJNA694847
